Nome_Paciente,Estado,Cidade,Idade,Temp_Corp,Status_Febre
Ana Souza,RJ,Rio de Janeiro,24,36.6,Normal
Bruno Lima,SP,São Paulo,42,38.1,Com Febre
Carla Mendes,MG,Belo Horizonte,31,37.2,Normal
Diego Alves,BA,Salvador,15,36.8,Normal
Eduarda Rocha,PE,Recife,55,38.5,Com Febre
Felipe Costa,CE,Fortaleza,28,36.9,Normal
Gabriela Silva,RJ,Niterói,34,37.6,Normal
Henrique Santos,PR,Curitiba,47,37.0,Normal
Isabela Martins,SC,Florianópolis,22,36.4,Normal
João Pedro,RS,Porto Alegre,39,37.9,Com Febre
Karen Oliveira,GO,Goiânia,51,38.3,Com Febre
Lucas Ferreira,AM,Manaus,19,36.7,Normal
Mariana Gomes,PB,João Pessoa,44,37.4,Normal
Nathan Ribeiro,ES,Vitória,63,36.5,Normal
Olívia Barros,RN,Natal,27,37.1,Normal
Paulo Henrique,AL,Maceió,58,39.2,Com Febre
Quezia Nunes,SE,Aracaju,33,36.9,Normal
Rafael Castro,PI,Teresina,40,37.8,Com Febre
Sofia Duarte,MA,São Luís,29,36.8,Normal
Thiago Moraes,DF,Brasília,36,37.3,Normal
